ids,embeddings,embedding_length,embedding_preview
fb_policy_0,"Facebook Community Standards define what content is allowed or prohibited, including rules on violence, hate speech, and misinformation.",1024,"0.0014917297521606088,0.004425937309861183,0.035622768104076385,0.01208549365401268,0.003995545674115419,-0.010781590826809406,-0.007921627722680569,-0.010471221059560776,0.01729053445160389,0.04461957514286041"
fb_policy_1,"Facebook Data Privacy Policy explains how user data is collected, stored, and used for personalization, security, and advertising purposes.",1024,"-0.027372397482395172,-0.0006219485076144338,0.025919001549482346,-0.01567690633237362,0.015840396285057068,0.032413166016340256,0.012559514492750168,0.006679903715848923,0.047917068004608154,-0.016510341316461563"
fb_policy_2,"Facebook Advertising Policy restricts misleading, deceptive, or harmful advertisements and enforces transparency for advertisers.",1024,"-0.05616980046033859,-0.0006227720878086984,0.0024110879749059677,0.030322523787617683,0.0023287879303097725,0.011979933828115463,0.0010322461603209376,0.008213811554014683,-0.0030974256806075573,0.006247662473469973"
fb_policy_3,"Facebook Content Moderation Policy governs the removal of content that violates platform rules such as hate speech, nudity, or violent material.",1024,"-0.03908766806125641,-0.020091276615858078,0.03448713570833206,0.04469524323940277,0.011369286105036736,0.030438633635640144,-0.03411140292882919,0.006770765874534845,-0.021950937807559967,0.014338111504912376"
fb_policy_4,Facebook Intellectual Property Policy requires users to respect copyrights and trademarks and allows removal of infringing content.,1024,"-0.050501201301813126,-0.01616537570953369,0.03849753737449646,0.010325558483600616,0.03632998466491699,0.03818746283650398,0.004698729142546654,-0.0323394238948822,0.045211389660835266,-0.0027778963558375835"
fb_policy_5,"Facebook Account Integrity Policy prohibits fake accounts, impersonation, and coordinated inauthentic behavior.",1024,"-0.03786301240324974,-0.013156196102499962,0.014761026948690414,0.04869873821735382,0.050841569900512695,0.022117979824543,0.002291445853188634,0.006114127114415169,0.03913896158337593,0.006060884799808264"
